metric,value
Qini AUC,0.07267204771415
ATE (%),3.3230839534620027
ATE CI Lower (%),2.8979012995450546
ATE CI Upper (%),3.748266607378951
uplift_at_10,26.64383074526024
uplift_at_20,20.153106076918814
uplift_at_30,16.394758038601797
uplift_at_50,12.296218905216572
